Roll No,Admission No,Name,Class,Gender,Guardian,Guardian Phone,Attendance %,Latest Exam Avg %,Fee Status,Outstanding (INR)
01,DEMO-2026-0001,Aarav Sharma,Grade 9 - A,MALE,Sharma Family,+91 124 2323 4545,96%,84%,Overdue,3400
02,DEMO-2026-0002,Diya Patel,Grade 9 - A,FEMALE,Patel Family,+91 124 9000 1001,86%,76%,Fees clear,0
03,DEMO-2026-0003,Vivaan Reddy,Grade 9 - A,MALE,Reddy Family,+91 124 9000 1002,86%,90%,Fees clear,0
04,DEMO-2026-0004,Ananya Gupta,Grade 9 - A,FEMALE,Gupta Family,+91 124 9000 1003,71%,No marks,Overdue,15000
05,DEMO-2026-0005,Aditya Singh,Grade 9 - A,MALE,Singh Family,+91 124 9000 1004,100%,No marks,Fees clear,0
06,DEMO-2026-0006,Saanvi Nair,Grade 9 - A,FEMALE,Nair Family,+91 124 9000 1005,100%,No marks,Fees clear,0
07,DEMO-2026-0007,Arjun Iyer,Grade 9 - A,MALE,Iyer Family,+91 124 9000 1006,93%,No marks,Fees clear,0
08,DEMO-2026-0008,Ishita Verma,Grade 9 - A,FEMALE,Verma Family,+91 124 9000 1007,100%,No marks,Fees clear,0
09,DEMO-2026-0009,Reyansh Joshi,Grade 9 - A,MALE,Joshi Family,+91 124 9000 1008,100%,No marks,Fees clear,0
10,DEMO-2026-0010,Myra Mehta,Grade 9 - A,FEMALE,Mehta Family,+91 124 9000 1009,93%,No marks,Fees clear,0
18,GWS2026018,Aarav Sharma,Grade 9 - A,MALE,Rahul Sharma,+91 98100 12345,100%,No marks,No fees,0
11,DEMO-2026-0011,Kabir Sharma,Grade 10 - A,MALE,Sharma Family,+91 124 9000 1010,86%,No marks,,
12,DEMO-2026-0012,Aadhya Patel,Grade 10 - A,FEMALE,Patel Family,+91 124 9000 1011,100%,No marks,,
13,DEMO-2026-0013,Veer Reddy,Grade 10 - A,MALE,Reddy Family,+91 124 9000 1012,100%,No marks,,
14,DEMO-2026-0014,Anika Gupta,Grade 10 - A,FEMALE,Gupta Family,+91 124 9000 1013,86%,No marks,,
15,DEMO-2026-0015,Riya Singh,Grade 10 - A,MALE,Singh Family,+91 124 9000 1014,100%,No marks,,
16,DEMO-2026-0016,Dhruv Nair,Grade 10 - A,FEMALE,Nair Family,+91 124 9000 1015,100%,No marks,,
17,DEMO-2026-0017,Pari Iyer,Grade 10 - A,MALE,Iyer Family,+91 124 9000 1016,86%,No marks,,
18,DEMO-2026-0018,Arnav Verma,Grade 10 - A,FEMALE,Verma Family,+91 124 9000 1017,86%,No marks,,